Auction item name, Item24 with itemId, 2 ends at time, 2013-11-28 14,29,10.
Auction item name, Item14 with itemId, 1 ends at time, 2013-11-28 14,29,10.
Auction item name, Item78 with itemId, 3 ends at time, 2013-11-28 14,29,10.
Auction item name, Item121 with itemId, 4 ends at time, 2013-11-28 14,29,10.
Auction item name, Item209 with itemId, 5 ends at time, 2013-11-28 14,29,10.
Auction item name, Item79 with itemId, 6 ends at time, 2013-11-28 14,29,10.
Auction item name, Item201 with itemId, 7 ends at time, 2013-11-28 14,29,10.
Auction item name, Item54 with itemId, 8 ends at time, 2013-11-28 14,29,10.
Auction item name, Item180 with itemId, 9 ends at time, 2013-11-28 14,29,10.
Auction item name, Item136 with itemId, 10 ends at time, 2013-11-28 14,29,10.
Auction item name, Item199 with itemId, 11 ends at time, 2013-11-28 14,29,10.
Auction item name, Item36 with itemId, 12 ends at time, 2013-11-28 14,29,10.
Auction item name, Item150 with itemId, 13 ends at time, 2013-11-28 14,29,10.
Auction item name, Item92 with itemId, 14 ends at time, 2013-11-28 14,29,10.
Auction item name, Item239 with itemId, 15 ends at time, 2013-11-28 14,29,10.
Auction item name, Item181 with itemId, 16 ends at time, 2013-11-28 14,29,10.
Auction item name, Item111 with itemId, 18 ends at time, 2013-11-28 14,29,10.
Auction item name, Item210 with itemId, 17 ends at time, 2013-11-28 14,29,10.
Auction item name, Item18 with itemId, 19 ends at time, 2013-11-28 14,29,10.
Auction item name, Item112 with itemId, 20 ends at time, 2013-11-28 14,29,10.
Auction item name, Item192 with itemId, 21 ends at time, 2013-11-28 14,29,10.
Auction item name, Item229 with itemId, 22 ends at time, 2013-11-28 14,29,10.
Auction item name, Item232 with itemId, 23 ends at time, 2013-11-28 14,29,10.
Auction item name, Item69 with itemId, 24 ends at time, 2013-11-28 14,29,10.
Auction item name, Item171 with itemId, 25 ends at time, 2013-11-28 14,29,10.
Auction item name, Item197 with itemId, 26 ends at time, 2013-11-28 14,29,10.
Auction item name, Item156 with itemId, 27 ends at time, 2013-11-28 14,29,10.
Auction item name, Item61 with itemId, 28 ends at time, 2013-11-28 14,29,10.
Auction item name, Item28 with itemId, 29 ends at time, 2013-11-28 14,29,10.
Auction item name, Item15 with itemId, 30 ends at time, 2013-11-28 14,29,10.
Auction item name, Item146 with itemId, 31 ends at time, 2013-11-28 14,29,10.
Auction item name, Item107 with itemId, 32 ends at time, 2013-11-28 14,29,10.
Auction item name, Item223 with itemId, 33 ends at time, 2013-11-28 14,29,10.
Auction item name, Item177 with itemId, 34 ends at time, 2013-11-28 14,29,10.
Auction item name, Item25 with itemId, 35 ends at time, 2013-11-28 14,29,10.
Auction item name, Item84 with itemId, 36 ends at time, 2013-11-28 14,29,10.
Auction item name, Item74 with itemId, 37 ends at time, 2013-11-28 14,29,10.
Auction item name, Item190 with itemId, 38 ends at time, 2013-11-28 14,29,10.
Auction item name, Item80 with itemId, 39 ends at time, 2013-11-28 14,29,10.
Auction item name, Item167 with itemId, 40 ends at time, 2013-11-28 14,29,10.
Auction item name, Item219 with itemId, 41 ends at time, 2013-11-28 14,29,10.
Auction item name, Item8 with itemId, 42 ends at time, 2013-11-28 14,29,10.
Auction item name, Item141 with itemId, 43 ends at time, 2013-11-28 14,29,10.
Auction item name, Item98 with itemId, 44 ends at time, 2013-11-28 14,29,10.
Auction item name, Item1 with itemId, 45 ends at time, 2013-11-28 14,29,10.
Auction item name, Item128 with itemId, 46 ends at time, 2013-11-28 14,29,10.
Auction item name, Item88 with itemId, 47 ends at time, 2013-11-28 14,29,10.
Auction item name, Item122 with itemId, 48 ends at time, 2013-11-28 14,29,10.
Auction item name, Item204 with itemId, 49 ends at time, 2013-11-28 14,29,10.
Auction item name, Item236 with itemId, 50 ends at time, 2013-11-28 14,29,10.
Auction item name, Item185 with itemId, 51 ends at time, 2013-11-28 14,29,10.
Auction item name, Item12 with itemId, 52 ends at time, 2013-11-28 14,29,10.
Auction item name, Item104 with itemId, 53 ends at time, 2013-11-28 14,29,10.
Auction item name, Item133 with itemId, 54 ends at time, 2013-11-28 14,29,10.
Auction item name, Item41 with itemId, 55 ends at time, 2013-11-28 14,29,10.
Auction item name, Item100 with itemId, 56 ends at time, 2013-11-28 14,29,10.
Auction item name, Item152 with itemId, 57 ends at time, 2013-11-28 14,29,10.
Auction item name, Item134 with itemId, 58 ends at time, 2013-11-28 14,29,10.
Auction item name, Item13 with itemId, 59 ends at time, 2013-11-28 14,29,10.
Auction item name, Item70 with itemId, 60 ends at time, 2013-11-28 14,29,10.
Auction item name, Item142 with itemId, 61 ends at time, 2013-11-28 14,29,10.
Auction item name, Item205 with itemId, 62 ends at time, 2013-11-28 14,29,10.
Auction item name, Item129 with itemId, 63 ends at time, 2013-11-28 14,29,10.
Auction item name, Item206 with itemId, 64 ends at time, 2013-11-28 14,29,10.
Auction item name, Item26 with itemId, 65 ends at time, 2013-11-28 14,29,10.
Auction item name, Item135 with itemId, 66 ends at time, 2013-11-28 14,29,10.
Auction item name, Item123 with itemId, 67 ends at time, 2013-11-28 14,29,10.
Auction item name, Item147 with itemId, 68 ends at time, 2013-11-28 14,29,10.
Auction item name, Item89 with itemId, 69 ends at time, 2013-11-28 14,29,10.
Auction item name, Item178 with itemId, 70 ends at time, 2013-11-28 14,29,10.
Auction item name, Item220 with itemId, 71 ends at time, 2013-11-28 14,29,10.
Auction item name, Item2 with itemId, 72 ends at time, 2013-11-28 14,29,10.
Auction item name, Item75 with itemId, 73 ends at time, 2013-11-28 14,29,10.
Auction item name, Item81 with itemId, 74 ends at time, 2013-11-28 14,29,10.
Auction item name, Item191 with itemId, 75 ends at time, 2013-11-28 14,29,10.
Auction item name, Item99 with itemId, 76 ends at time, 2013-11-28 14,29,10.
Auction item name, Item9 with itemId, 77 ends at time, 2013-11-28 14,29,10.
Auction item name, Item168 with itemId, 78 ends at time, 2013-11-28 14,29,10.
Auction item name, Item16 with itemId, 79 ends at time, 2013-11-28 14,29,10.
Auction item name, Item198 with itemId, 80 ends at time, 2013-11-28 14,29,10.
Auction item name, Item85 with itemId, 81 ends at time, 2013-11-28 14,29,10.
Auction item name, Item224 with itemId, 82 ends at time, 2013-11-28 14,29,10.
Auction item name, Item62 with itemId, 83 ends at time, 2013-11-28 14,29,10.
Auction item name, Item29 with itemId, 84 ends at time, 2013-11-28 14,29,10.
Auction item name, Item19 with itemId, 85 ends at time, 2013-11-28 14,29,10.
Auction item name, Item108 with itemId, 86 ends at time, 2013-11-28 14,29,10.
Auction item name, Item172 with itemId, 87 ends at time, 2013-11-28 14,29,10.
Auction item name, Item240 with itemId, 88 ends at time, 2013-11-28 14,29,10.
Auction item name, Item230 with itemId, 89 ends at time, 2013-11-28 14,29,10.
Auction item name, Item157 with itemId, 90 ends at time, 2013-11-28 14,29,10.
Auction item name, Item37 with itemId, 91 ends at time, 2013-11-28 14,29,10.
Auction item name, Item233 with itemId, 92 ends at time, 2013-11-28 14,29,10.
Auction item name, Item200 with itemId, 93 ends at time, 2013-11-28 14,29,10.
Auction item name, Item113 with itemId, 94 ends at time, 2013-11-28 14,29,10.
Auction item name, Item193 with itemId, 95 ends at time, 2013-11-28 14,29,10.
Auction item name, Item211 with itemId, 96 ends at time, 2013-11-28 14,29,10.
Auction item name, Item93 with itemId, 97 ends at time, 2013-11-28 14,29,10.
Auction item name, Item151 with itemId, 98 ends at time, 2013-11-28 14,29,10.
Auction item name, Item182 with itemId, 99 ends at time, 2013-11-28 14,29,10.
Auction item name, Item137 with itemId, 100 ends at time, 2013-11-28 14,29,10.
Auction item name, Item55 with itemId, 101 ends at time, 2013-11-28 14,29,10.
Auction item name, Item46 with itemId, 102 ends at time, 2013-11-28 14,29,10.
Auction item name, Item202 with itemId, 103 ends at time, 2013-11-28 14,29,10.
Auction item name, Item138 with itemId, 104 ends at time, 2013-11-28 14,29,11.
Auction item name, Item47 with itemId, 105 ends at time, 2013-11-28 14,29,11.
Auction item name, Item10 with itemId, 106 ends at time, 2013-11-28 14,29,11.
Auction item name, Item27 with itemId, 107 ends at time, 2013-11-28 14,29,11.
Auction item name, Item212 with itemId, 108 ends at time, 2013-11-28 14,29,11.
Auction item name, Item94 with itemId, 109 ends at time, 2013-11-28 14,29,11.
Auction item name, Item38 with itemId, 110 ends at time, 2013-11-28 14,29,11.
Auction item name, Item39 with itemId, 111 ends at time, 2013-11-28 14,29,11.
Auction item name, Item234 with itemId, 112 ends at time, 2013-11-28 14,29,11.
Auction item name, Item169 with itemId, 113 ends at time, 2013-11-28 14,29,11.
Auction item name, Item114 with itemId, 114 ends at time, 2013-11-28 14,29,11.
Auction item name, Item241 with itemId, 115 ends at time, 2013-11-28 14,29,11.
Auction item name, Item158 with itemId, 116 ends at time, 2013-11-28 14,29,11.
Auction item name, Item231 with itemId, 117 ends at time, 2013-11-28 14,29,11.
Auction item name, Item76 with itemId, 118 ends at time, 2013-11-28 14,29,11.
Auction item name, Item30 with itemId, 119 ends at time, 2013-11-28 14,29,11.
Auction item name, Item225 with itemId, 120 ends at time, 2013-11-28 14,29,11.
Auction item name, Item173 with itemId, 121 ends at time, 2013-11-28 14,29,10.
Auction item name, Item82 with itemId, 122 ends at time, 2013-11-28 14,29,10.
Auction item name, Item20 with itemId, 123 ends at time, 2013-11-28 14,29,10.
Auction item name, Item3 with itemId, 124 ends at time, 2013-11-28 14,29,10.
Auction item name, Item17 with itemId, 125 ends at time, 2013-11-28 14,29,10.
Auction item name, Item86 with itemId, 126 ends at time, 2013-11-28 14,29,10.
Auction item name, Item63 with itemId, 127 ends at time, 2013-11-28 14,29,10.
Auction item name, Item148 with itemId, 128 ends at time, 2013-11-28 14,29,10.
Auction item name, Item105 with itemId, 129 ends at time, 2013-11-28 14,29,10.
Auction item name, Item179 with itemId, 130 ends at time, 2013-11-28 14,29,10.
Auction item name, Item221 with itemId, 131 ends at time, 2013-11-28 14,29,10.
Auction item name, Item124 with itemId, 132 ends at time, 2013-11-28 14,29,10.
Auction item name, Item101 with itemId, 133 ends at time, 2013-11-28 14,29,10.
Auction item name, Item42 with itemId, 134 ends at time, 2013-11-28 14,29,10.
Auction item name, Item71 with itemId, 135 ends at time, 2013-11-28 14,29,10.
Auction item name, Item130 with itemId, 136 ends at time, 2013-11-28 14,29,10.
Auction item name, Item207 with itemId, 137 ends at time, 2013-11-28 14,29,10.
Auction item name, Item186 with itemId, 138 ends at time, 2013-11-28 14,29,10.
Auction item name, Item237 with itemId, 139 ends at time, 2013-11-28 14,29,10.
Auction item name, Item153 with itemId, 140 ends at time, 2013-11-28 14,29,10.
Auction item name, Item143 with itemId, 141 ends at time, 2013-11-28 14,29,10.
Auction item name, Item4 with itemId, 142 ends at time, 2013-11-28 14,29,11.
Auction item name, Item187 with itemId, 143 ends at time, 2013-11-28 14,29,11.
Auction item name, Item131 with itemId, 144 ends at time, 2013-11-28 14,29,11.
Auction item name, Item102 with itemId, 145 ends at time, 2013-11-28 14,29,11.
Auction item name, Item106 with itemId, 146 ends at time, 2013-11-28 14,29,11.
Auction item name, Item208 with itemId, 147 ends at time, 2013-11-28 14,29,11.
Auction item name, Item43 with itemId, 148 ends at time, 2013-11-28 14,29,11.
Auction item name, Item125 with itemId, 149 ends at time, 2013-11-28 14,29,11.
Auction item name, Item222 with itemId, 150 ends at time, 2013-11-28 14,29,11.
Auction item name, Item64 with itemId, 151 ends at time, 2013-11-28 14,29,11.
Auction item name, Item149 with itemId, 152 ends at time, 2013-11-28 14,29,11.
Auction item name, Item174 with itemId, 153 ends at time, 2013-11-28 14,29,11.
Auction item name, Item83 with itemId, 154 ends at time, 2013-11-28 14,29,11.
Auction item name, Item21 with itemId, 155 ends at time, 2013-11-28 14,29,11.
Auction item name, Item77 with itemId, 156 ends at time, 2013-11-28 14,29,11.
Auction item name, Item226 with itemId, 157 ends at time, 2013-11-28 14,29,11.
Auction item name, Item31 with itemId, 158 ends at time, 2013-11-28 14,29,11.
Auction item name, Item40 with itemId, 159 ends at time, 2013-11-28 14,29,11.
Auction item name, Item11 with itemId, 160 ends at time, 2013-11-28 14,29,11.
Auction item name, Item159 with itemId, 161 ends at time, 2013-11-28 14,29,11.
Auction item name, Item170 with itemId, 162 ends at time, 2013-11-28 14,29,11.
Auction item name, Item115 with itemId, 163 ends at time, 2013-11-28 14,29,11.
Auction item name, Item235 with itemId, 164 ends at time, 2013-11-28 14,29,11.
Auction item name, Item90 with itemId, 165 ends at time, 2013-11-28 14,29,11.
Auction item name, Item95 with itemId, 166 ends at time, 2013-11-28 14,29,11.
Auction item name, Item183 with itemId, 167 ends at time, 2013-11-28 14,29,11.
Auction item name, Item213 with itemId, 168 ends at time, 2013-11-28 14,29,11.
Auction item name, Item48 with itemId, 169 ends at time, 2013-11-28 14,29,11.
Auction item name, Item139 with itemId, 170 ends at time, 2013-11-28 14,29,11.
Auction item name, Item109 with itemId, 171 ends at time, 2013-11-28 14,29,11.
Auction item name, Item194 with itemId, 172 ends at time, 2013-11-28 14,29,11.
Auction item name, Item56 with itemId, 173 ends at time, 2013-11-28 14,29,11.
Auction item name, Item203 with itemId, 174 ends at time, 2013-11-28 14,29,11.
Auction item name, Item91 with itemId, 175 ends at time, 2013-11-28 14,29,12.
Auction item name, Item116 with itemId, 176 ends at time, 2013-11-28 14,29,11.
Auction item name, Item214 with itemId, 177 ends at time, 2013-11-28 14,29,11.
Auction item name, Item184 with itemId, 178 ends at time, 2013-11-28 14,29,11.
Auction item name, Item96 with itemId, 179 ends at time, 2013-11-28 14,29,11.
Auction item name, Item160 with itemId, 180 ends at time, 2013-11-28 14,29,11.
Auction item name, Item227 with itemId, 181 ends at time, 2013-11-28 14,29,11.
Auction item name, Item32 with itemId, 182 ends at time, 2013-11-28 14,29,11.
Auction item name, Item175 with itemId, 183 ends at time, 2013-11-28 14,29,11.
Auction item name, Item22 with itemId, 184 ends at time, 2013-11-28 14,29,11.
Auction item name, Item65 with itemId, 185 ends at time, 2013-11-28 14,29,11.
Auction item name, Item126 with itemId, 186 ends at time, 2013-11-28 14,29,11.
Auction item name, Item154 with itemId, 187 ends at time, 2013-11-28 14,29,11.
Auction item name, Item103 with itemId, 188 ends at time, 2013-11-28 14,29,11.
Auction item name, Item44 with itemId, 189 ends at time, 2013-11-28 14,29,11.
Auction item name, Item132 with itemId, 190 ends at time, 2013-11-28 14,29,11.
Auction item name, Item144 with itemId, 191 ends at time, 2013-11-28 14,29,11.
Auction item name, Item87 with itemId, 192 ends at time, 2013-11-28 14,29,11.
Auction item name, Item188 with itemId, 193 ends at time, 2013-11-28 14,29,11.
Auction item name, Item72 with itemId, 194 ends at time, 2013-11-28 14,29,11.
Auction item name, Item5 with itemId, 195 ends at time, 2013-11-28 14,29,11.
Auction item name, Item238 with itemId, 196 ends at time, 2013-11-28 14,29,11.
Auction item name, Item73 with itemId, 197 ends at time, 2013-11-28 14,29,12.
Auction item name, Item189 with itemId, 198 ends at time, 2013-11-28 14,29,12.
Auction item name, Item155 with itemId, 199 ends at time, 2013-11-28 14,29,12.
Auction item name, Item127 with itemId, 200 ends at time, 2013-11-28 14,29,12.
Auction item name, Item66 with itemId, 201 ends at time, 2013-11-28 14,29,12.
Auction item name, Item176 with itemId, 202 ends at time, 2013-11-28 14,29,12.
Auction item name, Item228 with itemId, 203 ends at time, 2013-11-28 14,29,12.
Auction item name, Item33 with itemId, 204 ends at time, 2013-11-28 14,29,12.
Auction item name, Item97 with itemId, 205 ends at time, 2013-11-28 14,29,12.
Auction item name, Item161 with itemId, 206 ends at time, 2013-11-28 14,29,12.
Auction item name, Item110 with itemId, 207 ends at time, 2013-11-28 14,29,12.
Auction item name, Item57 with itemId, 208 added at time, 2013-11-28 14,26,12.
Auction item name, Item140 with itemId, 209 added at time, 2013-11-28 14,26,12.
Auction item name, Item117 with itemId, 210 added at time, 2013-11-28 14,26,12.
Auction item name, Item215 with itemId, 211 added at time, 2013-11-28 14,26,12.
Auction item name, Item195 with itemId, 212 added at time, 2013-11-28 14,26,12.
Auction item name, Item49 with itemId, 213 added at time, 2013-11-28 14,26,12.
Auction item name, Item216 with itemId, 214 added at time, 2013-11-28 14,26,12.
Auction item name, Item118 with itemId, 215 added at time, 2013-11-28 14,26,12.
Auction item name, Item58 with itemId, 216 added at time, 2013-11-28 14,26,12.
Auction item name, Item162 with itemId, 217 added at time, 2013-11-28 14,26,12.
Auction item name, Item34 with itemId, 218 added at time, 2013-11-28 14,26,12.
Auction item name, Item67 with itemId, 219 added at time, 2013-11-28 14,26,12.
Auction item name, Item145 with itemId, 220 added at time, 2013-11-28 14,26,12.
Auction item name, Item23 with itemId, 221 added at time, 2013-11-28 14,26,12.
Auction item name, Item45 with itemId, 222 added at time, 2013-11-28 14,26,12.
Auction item name, Item6 with itemId, 223 added at time, 2013-11-28 14,26,12.
Auction item name, Item163 with itemId, 224 added at time, 2013-11-28 14,26,12.
Auction item name, Item35 with itemId, 225 added at time, 2013-11-28 14,26,12.
Auction item name, Item119 with itemId, 226 added at time, 2013-11-28 14,26,12.
Auction item name, Item59 with itemId, 227 added at time, 2013-11-28 14,26,12.
Auction item name, Item196 with itemId, 228 added at time, 2013-11-28 14,26,12.
Auction item name, Item217 with itemId, 229 added at time, 2013-11-28 14,26,12.
Auction item name, Item50 with itemId, 230 added at time, 2013-11-28 14,26,12.
Auction item name, Item7 with itemId, 231 added at time, 2013-11-28 14,26,13.
Auction item name, Item60 with itemId, 232 added at time, 2013-11-28 14,26,13.
Auction item name, Item164 with itemId, 233 added at time, 2013-11-28 14,26,12.
Auction item name, Item68 with itemId, 234 added at time, 2013-11-28 14,26,12.
Auction item name, Item120 with itemId, 235 added at time, 2013-11-28 14,26,13.
Auction item name, Item218 with itemId, 236 added at time, 2013-11-28 14,26,13.
Auction item name, Item51 with itemId, 237 ends at time, 2013-11-28 14,29,13.
Auction item name, Item165 with itemId, 238 ends at time, 2013-11-28 14,29,13.
Auction item name, Item166 with itemId, 239 added at time, 2013-11-28 14,26,13.
Auction item name, Item52 with itemId, 240 ends at time, 2013-11-28 14,29,13.
Auction item name, Item53 with itemId, 241 ends at time, 2013-11-28 14,29,13.